Customer,NAFF,,,,,,,,,
Address,375 PENDANT DR,,,,,,,,,
,C O NORTH AMERICAN FREIGH,,,,,,,,,
,Mississauga ON,,,,,,,,,
,L5T2W9,,,,,,,,,
Telephone,,,,,,,,,,
Fax,,,,,,,,,,
,,,,,,,,,,
Tariff,O-33545   ,,,,,,,,,
Revision,336,,,,,,,,,
D & R Acct #,158437,,,,,,,,,
Effective Date,2023-11-15,,,,,,,,,
Expiry Date,2024-04-30,,,,,,,,,
Issue Date,,,,,,,,,,
Pricing Official,Frank Carvell,,,,,,,,,
,,,,,,,,,,
Commodity,,,,,,,,,,
,,,,,,,,,,
Terms And Conditions,,,,,,,,,,
1,Appointment Deliveries:,,,,,,,,,
,"When customer requests via the bill of lading or other means to establish a time and date specific Appointment, or Call and Notify the consignee as a condition before attempting delivery, a charge of $20.00 per shipment shall be assessed to the payer of the freight charges. ",,,,,,,,,
2,After Hour Service:,,,,,,,,,
,"Shipments requiring the following services: pick up, delivery, interchange, or transfer between 7 pm & 6 am will be subject to a surcharge of $200.00 for locations within the metropolitan city area of our terminals and $300.00 for locations outside of these metropolitan city locations. Services required before 6 am or between 5 pm and 7 pm will be $135.00 for the metropolitan city area of our terminals and $260.00 for locations outside of these metropolitan city locations. Exception: For Costco and Walmart shipments, $200.00 will apply in the hours before 6am or after 7pm. EXCEPTION: NO AFTER HOURS CHARGE FOR DELIVERIES BETWEEN 6 a.m. - 8 a.m. EXCEPTION: DELIVERIES TO AMAZON BETWEEN 6 PM AND 11 PM WILL BE SUBJECT TO A SURCHARGE OF $50.00. EXCEPTION: SHIPMENTS DELIVERED TO AMAZON IN NEPEAN/OTTAWA/ST THOMAS ON WILL NOT BE SUBJECT TO AN AFTER HOURS SURCHARGE.",,,,,,,,,
3,Dangerous Goods:,,,,,,,,,
,"A surcharge of $49.50 will apply for 1 to 999 lbs and $59.50 will apply for shipments over 999 lbs to a maximum of 99999 lbs",,,,,,,,,
4,Detention Without Power:,,,,,,,,,
,"Spotting of a trailer without power unit will be offered free of charge for the first 24 hours. For the first two 24hr periods thereafter, a fee of $130.00/day $165.00/day for reefer) will apply. For the third and each succeeding 24 hr period, a charge of $145.00/day $180.00/day for reefer) will apply.",,,,,,,,,
5,Detention With Power:,,,,,,,,,
,1 - 9999 lbs = 60 minutes free; 10000 lbs - 19999 lbs = 90 minutes free; 20000 lbs and over= 120 minutes free. A charge of $36.00/hour will be assessed for dry van shipments exceeding this free time. Temperature control shipments will be subject to $79.42 per hour.,,,,,,,,,
6,Discounts Off FAK:,,,,,,,,,
,"If lane is not found in this tariff, send to Tariff Adjustments to have lane added. ",,,,,,,,,
7,Online Pick ups / Deliveries:,,,,,,,,,
,For truckload shipments a surcharge of $100.00 will apply for enroute pick ups. A surcharge of $100.00 will apply for enroute deliveries. Offline miles will be assessed at $2.00 per mile.,,,,,,,,,
8,Power Tailgate:,,,,,,,,,
,waived,,,,,,,,,
9,Private Residence/Limited Access Deliveries:,,,,,,,,,
,"Shipments requiring deliveries to premises without a designated dock or receiving area at Private Residences or locations with limited access such as farms, ranches, dormitories, churches, or schools, will be subject to a surcharge of $20.00 .  ",,,,,,,,,
10,Private Residence/Limited Access Pickups:,,,,,,,,,
,"Shipments requiring pickups at premises without a designated dock or receiving area at Private Residences or locations with limited access such as farms, ranches, dormitories, churches, or schools, will be subject to a surcharge of $20.00 .  ",,,,,,,,,
11,Protective Service:,,,,,,,,,
,Subject to a surcharge of 18.00 % of the freight charge but not less than $39.50  per shipment. LTL refrigerated service is not available. ,,,,,,,,,
12,Reconsignment / Diversion:,,,,,,,,,
,"For all locations, a surcharge of $6.50 cwt (min $70.00 / max $285.00) will apply in addition to all other linehaul freight charges. See master tariff rules for different scenarios. If a re-delivery is required to same address due to shipper / consignee error or request, the above applicable charges will apply.",,,,,,,,,
13,Storage Fees:,,,,,,,,,
,"The first 48 hours will be free. Thereafter, a surcharge of $35.00/day will be applicable. EXCEPTION: No Storage will apply on Amazon Shipments to Nepean, ON.",,,,,,,,,
14,Payment Terms:,,,,,,,,,
,Freight charges are to paid within 30 days from date of invoicing. Contras on account for cargo claims will not be accepted.,,,,,,,,,
15,Tradeshow Pick Ups / Deliveries:,,,,,,,,,
,"Pick ups and or deliveries will be subject to a surcharge of $4.15 cwt, minimum of $167.00 .",,,,,,,,,
16,Valuation:,,,,,,,,,
,"A surcharge of 2.00% will be calculated based on the actual weight for a declared value in excess of $2.00 per lb Cdn funds. Declared value shipments are accepted subject to approval of valuation limit, commodity and packaging. Standard liability is based on $2.00 per lb Cdn funds on the actual weight of the shipment. Subject to the limitations of liability contained in Carrier's Bill of Lading, Carrier will not be held liable for any miscellaneous charges or costs assessed by either shipper, consignee or any third party which do not directly relate to the value of the goods transported, as determined at the time and place of shipment. Examples of non-claimable charges or costs include, but are not limited to the following: penalities levied against shipper, carrier or a third party for late delivery, missed appointment, split deliveries, shortages and/or damages.",,,,,,,,,
17,Weekend & Holiday Pick Ups / Deliveries:,,,,,,,,,
,"Pick ups / deliveries will be subject to a surcharge of $75.00/hr, min four (4) hours (min $300.00). ",,,,,,,,,
18,Weight Restriction:,,,,,,,,,
,Rates herein are subject to a minimum weight restriction of 10.00 lbs per cu ft up to 20.00 feet of trailer space; thereafter shipments move at 1000 lbs per linear ft of trailer space occupied.,,,,,,,,,
,"EXCEPTION: RATES WILL BE CALCULATED BASED ON SHIPPER'S DIMENSIONS (PROVIDING THEY ARE CLEARLY MARKED ON THE BILL OF LADING), IF UNCLEAR, DAY AND ROSS DIMENSIONS WILL BE USED. ",,,,,,,,,
19,INSIDE PICKUP OR DELIVERY AND OTHER THAN GROUND FLOOR PICKUP OR DELIVERY:,,,,,,,,,
,waived,,,,,,,,,
20,Fuel Surcharge:,,,,,,,,,
,Rates herein are subject to 100.00% of the FCA Fuel LTL road; and 100.00% of the FCA Fuel TL road; 100% for heavy TL over 54999lbs & 100.00% for intermodal fuel. Fuel surcharges will not apply for any accessorial charges with the exception to those that are incidental to the linehaul of the freight, ie offline miles, redeliveries, reconsignments, cost recovery ferry charges and detour surcharges.,,,,,,,,,
21,Notes:,,,,,,,,,
,"Rates herein are subject to all rules, regulations and accessorial charges as published in DR1997 and reissues thereof.",,,,,,,,,
,,,,,,,,,,
,This tariff is valid for 30 days; if freight movements do not commence within 30 days of presentation this tariff becomes null & void.,,,,,,,,,
22,COST RECOVERY FERRY SURCHARGE - LTL,,,,,,,,,
,"Shipments between Newfoundland and other Canadian provinces or territories will be subject to a surcharge of $24.78 with shipment or volume weights less than 7500 LBS. The rate is subject to change based on rate increases from Marine Atlantic, which are typically announced for an April effective date.",,,,,,,,,
23,COST RECOVERY FERRY SURCHARGE - TL,,,,,,,,,
,"Shipments between Newfoundland and other Canadian provinces or territories will be subject to a surcharge of $124.86 with shipment or volume weights of 7500 LBS to 39999lbs. The rate is subject to change based on rate increases from Marine Atlantic, which are typically announced for an April effective date.",,,,,,,,,
24,Notes:,,,,,,,,,
,"These Terms and Conditions shall take the place of and entirely supersedes any oral or written contracts or agreements that deal with the same subject matter as referenced herein. Except as otherwise specifically stated, no modification hereto shall be of any force or effect unless reduced to writing and signed by both parties and expressly referred to as being modifications of these Terms and Conditions. The Customer also recognizes and acknowledges the competitive value and proprietary nature of the rates and Terms and Conditions (Rates) provided by Day & Ross, and therefore the Customer shall not disclose said Rates to any third parties without the prior written consent of Day & Ross.",,,,,,,,
25,COST RECOVERY FERRY SURCHARGE - TL ,,,,,,,,,
,"Shipments from Newfoundland to other Canadian provinces or territories will be subject to a surcharge of $232.25 with shipment or volume weights of 40000 LBS & greater. The rate is subject to change based on rate increases from Marine Atlantic, which are typically announced for an April effective date.",,,,,,,,,
26,COST RECOVERY FERRY SURCHARGE - TL ,,,,,,,,,
,"Shipments to Newfoundland from other Canadian provinces or territories will be subject to a surcharge of $462.50 with shipment or volume weights of 40000 LBS & greater. The rate is subject to change based on rate increases from Marine Atlantic, which are typically announced for an April effective date.",,,,,,,,,
27,"Extra Labour Services, including Lumper (aka Swamper) Fees",,,,,,,,,
,"Lumpers will be subject to a surcharge of $35.00 per hour minimum of 4 hours. In the event a delivery requires the carrier to use and pay a Lumper (aka Swamper) Service, the Lumper Fee shall be prorated to all delivered shipments on the trailer based on individual shipment weight subject to a minimum of $35.00 per shipment.",,,,,,,,,
28,Expedited Service for Monday delivery,,,,,,,,,
,"Regular service for Friday pickups in Woodstock (ON) and Toronto destined to direct service locations in Vancouver, Calgary, Edmonton, Saskatoon & Regina is delivery by Tuesday. Regular service for Friday pickups in Montreal, Drummondville, and Ottawa destined to direct service locations in Calgary, Edmonton, Saskatoon & Regina is delivery by Tuesday. Expedited Service for Monday delivery* is available at $38.00 per shipment. If Expedited is selected, customer must clearly indicate that on the BOL by either checking Expedited (under Level of Service) or stating Expedited (in the Routing or Special Instructions field). *Excludes Quebec to British Columbia.",,,,,,,,,
29,Paper Document Surcharge,,,,,,,,,
,"Requests for paper documentation will be subject to the following surcharges. Copies of the Day & Ross Invoice, $2.00 per invoice copy. Bills of lading, $5.00 per copy. Proof of Delivery, $5.00 per copy. For other supporting documents, $5.00 per copy.",,,,,,,,,
,Shipments will not be subject to the re-weigh program nor re-weigh surcharges.,,,,,,,,,
,PURCHASED TRANSPORTATION SURCHARGE- waived,,,,,,,,,
,"Shipments origination from Montreal destined to Fort Mcmurray AB, Terrace BC, Portage La Prairie MB, Winkler MB, Prince Albert SK and St Brieux SK are based on shipping Grinding wheels with a density of 26 lbs per cubic foot",,,,,,,,,
,Shipments originating from Lindsay On are based on shipments of grass seed with a density of 26 lbs per cubic foot,,,,,,,,,
,PTL Rates herein are subject to availability of equipment.,,,,,,,,,
,,,,,,,,,,
Service Level,General Road LTL ,,,,,,,,,
Origin,,Destination,,MIN,LTL,CWT:1000,CWT:2000,CWT:5000,CWT:10000,CWT:20000
CALGARY, AB,LINDSAY, ON,96.89,34.51,27.73,25.71,23.93,21.38,0
EDMONTON, AB,BARRIE, ON,96.89,34.11,27.32,25.26,23.47,20.91,0
EDMONTON, AB,LINDSAY, ON,96.89,34.51,27.73,25.71,23.88,21.34,0
GRANDE PRAIRIE, AB,CALGARY, AB,159.22,35.76,19.36,17.11,13.92,10.64,0
LLOYDMINSTER, AB,VICTORIA, BC,154.41,36.6,30.43,27.83,24.97,21.66,0
MEDICINE HAT, AB,BEAMSVILLE, ON,112.21,41.74,33.5,31.19,28.68,24.92,0
MEDICINE HAT, AB,MOUNT FOREST, ON,111.29,39.67,31.01,28.97,26.95,18.5,0
RED DEER, AB,BEAMSVILLE, ON,107.52,29.34,21.03,19.02,17.21,14.48,0
WESTLOCK, AB,TORONTO, ON,156.75,31.2,24.15,22.16,20.51,18.33,0
KAMLOOPS, BC,BEAMSVILLE, ON,96.29,28.02,21.7,19.66,17.51,14.5,0
KELOWNA, BC,BARRIE, ON,90.2,33.87,27.83,26.18,24.71,22.64,0
NANAIMO, BC,PENTICTON, BC,99.43,22.19,12.92,12.65,11.42,7.36,0
NANAIMO, BC,BEAMSVILLE, ON,107.17,38.01,31.7,30.02,28.61,26.54,0
NANAIMO, BC,SUDBURY, ON,152.48,43.47,32.38,30.79,28.68,25.75,0
PEMBERTON, BC,VANCOUVER, BC,102.93,36.9,18.35,15.41,12.02,8.78,0
PENTICTON, BC,COCHRANE, AB,74.75,18.36,10.52,10.3,9.32,5.8,0
PENTICTON, BC,LETHBRIDGE, AB,74.75,24.08,15.27,14.91,13.55,8.64,0
PENTICTON, BC,MEDICINE HAT, AB,74.75,25.95,17.15,16.76,15.42,9.87,0
PENTICTON, BC,KAMLOOPS, BC,63.93,17.19,8.71,8.43,7.2,4.26,0
PENTICTON, BC,KELOWNA, BC,63.93,13.31,5.72,5.62,4.81,2.94,0
PENTICTON, BC,NANAIMO, BC,87.47,20.46,12.51,12.27,11.24,6.96,0
PENTICTON, BC,PENTICTON, BC,63.93,13.31,5.72,5.62,4.81,2.94,0
PENTICTON, BC,VICTORIA, BC,87.47,21.27,13.25,12.99,11.89,7.39,0
PENTICTON, BC,WHISTLER, BC,74.36,16.8,11.18,9.87,8.47,5.9,0
PENTICTON, BC,MITCHELL, MB,89.18,21.77,14.61,14.27,13.25,8.37,0
PENTICTON, BC,WINKLER, MB,89.18,22.08,14.9,14.59,13.55,8.54,0
PENTICTON, BC,ALMA, NB,163.93,45.88,38.16,37.35,35.85,22.99,0
PENTICTON, BC,BATHURST, NB,163.93,45.32,37.63,36.88,35.35,22.38,0
PENTICTON, BC,BLACKVILLE, NB,163.93,46.32,38.63,37.87,36.34,23.02,0
PENTICTON, BC,CAMPBELLTON, NB,163.93,46.08,38.39,37.63,36.1,22.86,0
PENTICTON, BC,CHATHAM, NB,163.93,45.85,38.17,37.41,35.89,22.73,0
PENTICTON, BC,CHIPMAN, NB,163.93,44.06,36.25,35.48,33.96,21.51,0
PENTICTON, BC,DOAKTOWN, NB,163.93,44.19,36.38,35.61,34.1,21.6,0
PENTICTON, BC,EDMUNDSTON, NB,163.93,42.61,34.99,34.21,32.71,20.66,0
PENTICTON, BC,FREDERICTON, NB,163.93,43.51,35.7,34.93,33.42,21.17,0
PENTICTON, BC,GAGETOWN, NB,163.93,43.93,36.12,35.35,33.84,21.43,0
PENTICTON, BC,GRAND FALLS, NB,163.93,43.24,35.64,34.85,33.35,21.08,0
PENTICTON, BC,HARTLAND, NB,163.93,42.61,34.99,34.21,32.71,20.66,0
PENTICTON, BC,KEDGWICK, NB,189.89,48.42,40.87,36.97,34.1,22.14,0
PENTICTON, BC,MCADAM, NB,163.93,44.06,36.25,35.48,33.96,21.51,0
PENTICTON, BC,MILLVILLE, NB,163.93,42.88,35.26,34.49,32.97,20.84,0
PENTICTON, BC,PETITCODIAC, NB,163.93,45.43,37.71,36.91,35.41,22.72,0
PENTICTON, BC,PORT ELGIN, NB,163.93,45.63,37.92,37.11,35.62,22.85,0
PENTICTON, BC,RICHIBUCTO, NB,163.93,45.62,37.91,37.1,35.61,22.84,0
PENTICTON, BC,ROGERSVILLE, NB,163.93,45.75,38.03,37.22,35.73,22.93,0
PENTICTON, BC,SACKVILLE, NB,163.93,45.4,37.68,36.88,35.38,22.69,0
PENTICTON, BC,SAINT JOHN, NB,163.93,43.82,36.29,35.53,34.11,21.55,0
PENTICTON, BC,SHEDIAC, NB,163.93,45.27,37.56,36.73,35.23,22.62,0
PENTICTON, BC,SHIPPAGAN, NB,163.93,46.04,38.36,37.6,36.08,22.84,0
PENTICTON, BC,ST FRANCOIS DE, NB,163.93,42.86,35.23,34.46,32.96,20.84,0
PENTICTON, BC,ST STEPHEN, NB,163.93,44.54,37.03,36.25,34.84,22.01,0
PENTICTON, BC,SUSSEX, NB,163.93,45.69,37.97,37.16,35.66,22.89,0
PENTICTON, BC,TRACY, NB,163.93,43.71,35.91,35.14,33.63,21.33,0
PENTICTON, BC,TRACADIE, NB,163.93,45.83,38.16,37.4,35.87,22.73,0
CALGARY, AB,MISSISSAUGA, ON,0,2756,,,,,
PENTICTON, BC,TORONTO, ON,0,3989,,,,,
VANCOUVER, BC,TORONTO, ON,0,4050,,,,,
ALTONA, MB,TORONTO, ON,0,1662,,,,,
WINNIPEG, MB,TORONTO, ON,0,1781,,,,,
